encuestadora,fecha,tamaño_muestra,pp,psoe,vox,sumar,erc,junts,eh_bildu,pnv,bng,cc,upn,podemos,SALF,AC,Lead
DYM/Henneo,2026-01-25,1003,34.4,27.0,16.6,5.0,NA,NA,NA,NA,NA,NA,NA,5.1,0.5,NA,7.4
EM-Analytics/Electomanía,2026-01-23,1594,32.1,26.0,19.9,5.6,1.9,1.3,1.4,1.1,1.1,0.4,0.2,4.2,1.7,NA,6.1
DYM/Henneo,2026-01-18,1000,33.7,27.1,16.9,5.2,NA,NA,NA,NA,NA,NA,NA,4.9,0.7,NA,6.6
EM-Analytics/Electomanía,2026-01-16,1001,32.6,26.5,19.4,5.2,1.9,1.5,1.4,1.1,1.0,0.4,0.2,4.1,1.6,NA,6.1
Target Point/El Debate,2026-01-15,1000,30.0,26.1,19.2,8.0,NA,NA,NA,NA,NA,NA,NA,3.2,1.8,NA,3.9
GESOP/Prensa Ibérica,2026-01-15,1002,30.0,26.5,17.8,8.3,2.2,1.0,NA,NA,NA,NA,NA,4.3,1.7,NA,3.5
SocioMétrica/El Español,2026-01-10,1300,32.5,25.7,17.9,6.5,2.1,1.3,1.5,0.9,1.1,0.5,0.2,3.8,2.1,NA,6.8
CIS (Logoslab),2026-01-10,4006,28.0,27.5,20.0,7.0,NA,NA,NA,NA,NA,NA,NA,3.2,2,NA,0.5
CIS,2026-01-10,4006,23,31.7,17.7,7.2,2.6,1,1.5,1,0.9,0.3,0.1,3.5,1.8,NA,8.7
EM-Analytics/Electomanía,2026-01-10,1083,32.3,26.9,19.7,5.0,1.9,1.5,1.4,1.1,1.0,0.4,0.2,4.0,1.5,NA,5.4
NC Report/La Razón,2026-01-09,1000,33.5,26.3,17.6,6.1,1.8,1.5,1.4,1.0,0.8,0.4,0.2,4.4,NA,NA,6.8
40dB/Prisa,2026-01-05,2000,31.5,27.1,17.9,5.9,NA,NA,NA,NA,NA,NA,NA,3.5,2.1,NA,4.4
EM-Analytics/Electomanía,2026-01-03,1316,32.2,26.8,19.8,4.7,1.9,1.5,1.4,1.1,1.0,0.4,0.2,4.5,1.5,NA,5.4
Sigma Dos/El Mundo,2025-12-29,2182,32.7,26.5,17.2,8.5,1.9,1.0,1.0,1.0,0.8,0.5,0.1,4.4,1.2,0.7,6.2
EM-Analytics/Electomanía,2025-12-26,2301,31.9,27.3,19.6,5.4,1.9,1.5,1.4,1.3,1.1,0.4,0.2,4.4,1.7,NA,4.6
EM-Analytics/Electomanía,2025-12-19,1782,31.8,28.3,19.3,5.7,1.9,1.5,1.4,1.3,1.1,0.4,0.2,4.2,1.7,NA,3.5
InvyMark/laSexta,2025-12-15,NA,33.5,27.4,18.6,5.2,1.8,1.3,1.5,1.1,NA,NA,NA,3.8,1.5,NA,6.1
EM-Analytics/Electomanía,2025-12-12,1522,31.9,28.6,19.2,5.8,1.9,1.5,1.4,1.3,1.1,0.4,0.2,4.0,1.7,NA,3.3
SocioMétrica/El Español,2025-12-07,1100,33.4,26.2,17.4,7.0,2.0,1.2,1.4,1.0,0.9,0.4,0.2,2.8,2.3,0.9,7.2
SocioMétrica/El Español,2025-12-07,1100,33.4,26.2,17.4,7.5,1.9,1.3,1.4,1.0,0.9,0.4,0.2,2.8,2.3,NA,7.2
CIS (Logoslab),2025-12-05,4017,28.0,28.0,18.8,7.2,NA,NA,NA,NA,NA,NA,NA,3.8,2.4,NA,NA
CIS,2025-12-05,4017,22.4,31.4,17.6,7.8,2.1,0.8,1.5,0.9,0.8,0.2,0.1,4.1,2.4,0.5,9
EM-Analytics/Electomanía,2025-12-05,1204,31.7,29.1,19.4,5.5,1.9,1.5,1.4,1.3,1.1,0.4,0.2,3.9,1.5,NA,2.6
Sigma Dos/El Mundo,2025-12-05,1565,33.1,27.3,16.9,7.8,1.9,1.0,1.0,1.0,0.8,0.5,0.1,4.3,1.2,0.7,5.8
InvyMark/laSexta,2025-12-01,NA,33.2,27.6,18.5,5,1.7,1.4,1.4,1.1,NA,NA,NA,3.8,1.4,NA,5.6
40dB/Prisa,2025-12-01,2500,31,27.8,17.4,5.7,NA,NA,NA,NA,NA,NA,NA,3.7,2.3,NA,3.2
EM-Analytics/Electomanía,2025-11-28,1379,31.9,29.0,19.2,5.6,1.9,1.5,1.4,1.3,1.1,0.4,0.2,4.0,1.5,NA,2.9
EM-Analytics/Electomanía,2025-11-21,1922,32.1,29.3,18.8,5.6,1.9,1.5,1.4,1.3,1.1,0.4,0.2,4.1,1.6,NA,2.8
Target Point/El Debate,2025-11-19,1200,29.2,28.1,19.0,6.1,NA,NA,NA,NA,NA,NA,NA,3.6,2,NA,1.1
InvyMark/laSexta,2025-11-17,NA,33.5,28.6,17.4,NA,NA,NA,NA,NA,NA,NA,NA,NA,NA,NA,4.9
DYM/Henneo,2025-11-14,1000,33.4,27.3,16.2,6.3,NA,NA,NA,NA,NA,NA,NA,4.0,0.9,NA,6.1
NC Report/La Razón,2025-11-14,1000,33.8,27.2,16.7,5.6,1.7,1.6,1.3,1.0,0.8,0.4,0.2,4.1,1.9,NA,6.6
EM-Analytics/Electomanía,2025-11-14,1002,31.6,29.0,18.9,5.4,1.8,1.6,1.4,1.3,1.1,0.4,0.2,4.1,1.4,NA,2.6
CIS (Opina 360),2025-11-12,4028,26.1,28.5,20.9,7,NA,NA,NA,NA,NA,NA,NA,3.9,0.6,NA,2.4
CIS,2025-11-12,4028,22.4,32.6,18.8,7.1,2.2,1.1,1.2,0.7,1.1,0.2,0.1,4,0.6,NA,10.2
SocioMétrica/El Español,2025-11-08,1100,33.7,27.2,16.9,6.6,1.8,1.6,1.2,1.0,0.9,0.3,0.2,3.5,1.7,NA,6.5
EM-Analytics/Electomanía,2025-11-07,1923,31.3,28.9,18.9,5.4,1.8,1.6,1.4,1.3,1.1,0.4,0.2,4.2,1.6,NA,2.4
Cluster17/Agenda Pública,2025-11-06,1847,31.2,28.4,18.5,5.4,1.7,1.5,1.1,1.3,NA,NA,NA,4.5,1.2,NA,2.8
Sigma Dos/El Mundo,2025-11-06,1558,33.6,27.4,16.2,7.5,1.8,1.0,1.1,1.0,0.8,0.5,0.1,4.2,0.9,0.6,6.2
Opina 360/Telecinco,2025-11-04,1202,28.2,28.1,19.5,6.9,1.9,1.6,1.1,1.0,0.5,0.3,NA,3.1,1.6,0.5,0.1
Hamalgama Métrica/Vozpópuli,2025-11-04,1000,33.6,26.5,18.6,6.2,1.7,1.5,1.4,0.9,0.7,0.6,0.2,4.1,1.6,NA,7.1
EM-Analytics/Electomanía,2025-10-31,2823,31.3,28.7,18.7,5.4,1.8,1.6,1.3,1.3,1.1,0.4,0.2,4.5,1.6,NA,2.6
40dB/Prisa,2025-10-26,2000,30.5,28.3,17.1,6.8,NA,NA,NA,NA,NA,NA,NA,3,1.6,NA,2.2
EM-Analytics/Electomanía,2025-10-24,2104,31.6,28.3,18.5,5.6,1.8,1.6,1.3,1.3,1.1,0.4,0.2,4.6,1.7,NA,3.3
EM-Analytics/Electomanía,2025-10-17,1568,32.0,27.8,18.2,5.6,1.7,1.6,1.3,1.3,1.0,0.4,0.2,4.8,1.4,NA,4.2
KeyData/Público,2025-10-16,NA,32.3,27.3,17.1,6.2,1.8,1.4,1.4,1.1,0.7,1,1,4.2,1.6,NA,5
SocioMétrica/El Español,2025-10-10,900,34.0,26.9,16.6,6.2,1.9,1.7,1.4,1.0,0.8,0.3,0.2,3.9,1.6,NA,7.1
EM-Analytics/Electomanía,2025-10-10,2971,32.4,27.3,18.1,5.5,1.6,1.7,1.3,1.2,0.9,0.4,0.2,5.0,1.3,NA,5.1
GESOP/Prensa Ibérica,2025-10-09,1000,29.0,27.8,18.4,8.0,2.0,1.0,NA,NA,NA,NA,NA,3.7,1.6,NA,1.2
CIS (Opina 360),2025-10-07,4029,25.9,27.7,20.7,6.9,NA,NA,NA,NA,NA,NA,NA,4.7,1.3,NA,1.8
CIS (Logoslab),2025-10-07,4029,27.0,28.0,19.5,7.1,NA,NA,NA,NA,NA,NA,NA,4.7,1.4,NA,1
CIS,2025-10-07,4029,19.8,34.8,17.7,7.7,2,1,1,0.9,0.8,0.1,0.1,4.9,1.3,NA,15
NC Report/La Razón,2025-10-04,1000,34.4,26.6,16.1,4.8,1.7,1.7,1.3,1.1,0.8,0.5,0.2,4.6,NA,NA,7.8
EM-Analytics/Electomanía,2025-10-03,1055,32.7,27.0,17.8,5.5,1.7,1.8,1.4,1.2,0.8,0.4,0.2,5.3,1.3,NA,5.7
Sigma Dos/El Mundo,2025-10-01,2345,33.8,27.2,15.9,7.4,1.7,1.1,1.1,1.0,0.8,0.5,0.2,4.0,1.3,0.5,6.6
Opina 360/Antena 3,2025-09-30,1203,27.4,30.4,20.6,5.1,1.8,1.3,1.5,1.0,1.0,0.3,NA,3.8,1.4,0.7,3
40dB/Prisa,2025-09-28,2000,30.5,29.4,16.7,6.7,NA,NA,NA,NA,NA,NA,NA,2.8,1.3,NA,1.1
EM-Analytics/Electomanía,2025-09-26,2028,32.3,26.8,17.7,5.4,1.7,1.7,1.4,1.2,0.8,0.4,0.2,5.5,1.4,NA,5.5
InvyMark/laSexta,2025-09-19,NA,36.1,28.3,16.3,4.7,NA,NA,NA,NA,NA,NA,NA,4,1.5,NA,7.8
EM-Analytics/Electomanía,2025-09-19,1723,32.0,27.0,17.5,5.4,1.6,1.8,1.4,1.2,0.9,0.4,0.2,5.9,1.5,NA,5
DYM/Henneo,2025-09-15,1016,35.2,26.9,15.7,5.6,NA,NA,NA,NA,NA,NA,NA,3.9,0.4,NA,8.3
Celeste-Tel/Onda Cero,2025-09-12,1100,34.9,26.1,15.2,6.9,1.7,1.6,1.4,1.2,0.8,0.5,0.2,4.7,1.7,NA,8.8
EM-Analytics/Electomanía,2025-09-12,1207,32.0,26.7,17.3,6.2,1.6,1.8,1.3,1.2,0.9,0.4,0.2,6.0,1.5,NA,5.3
Target Point/El Debate,2025-09-11,1027,31.6,27.0,17.2,7.4,NA,NA,NA,NA,NA,NA,NA,4.1,1.9,NA,4.6
GAD3/ABC,2025-09-11,1001,32.0,26.9,17.9,6.6,2.0,1.4,1.3,1.0,0.8,0.3,0.1,4.0,2,NA,5.1
Hamalgama Métrica/Vozpópuli,2025-09-09,1000,34.4,25.8,16.0,6.0,1.7,1.5,1.3,1.1,0.7,0.5,0.2,4.7,2,NA,8.6
CIS (Opina 360),2025-09-06,4122,27.6,29.3,17.3,7.2,NA,NA,NA,NA,NA,NA,NA,4.2,1.6,NA,1.7
CIS (Logoslab),2025-09-06,4122,28.5,28.6,17.3,7.1,NA,NA,NA,NA,NA,NA,NA,4.0,1.7,NA,0.1
CIS,2025-09-06,4122,23.7,32.7,17.3,7.9,2.1,0.8,1.1,0.6,0.7,0.1,0.1,4.3,1.6,NA,9
NC Report/La Razón,2025-09-06,1000,35.2,25.8,15.4,4.9,1.6,1.7,1.3,1.1,0.8,0.5,0.2,5.2,NA,NA,9.4
Demoscopia y Servicios/esRadio,2025-09-05,3000,35.1,26.6,16.7,6.1,1.6,1.3,1.5,1.0,0.7,1,1,5.1,1.7,NA,8.5
EM-Analytics/Electomanía,2025-09-05,1330,31.4,26.2,17.5,6.2,1.7,1.8,1.3,1.2,0.9,0.4,0.2,6.3,1.8,NA,5.2
40dB/Prisa,2025-09-01,2000,30.7,27.7,17.4,6.6,NA,NA,NA,NA,NA,NA,NA,3.4,1.6,NA,3
SocioMétrica/El Español,2025-08-29,1100,34.5,26.2,16.1,6.9,1.6,1.6,1.5,1.3,1.0,0.3,0.2,4.0,1.7,NA,8.3
EM-Analytics/Electomanía,2025-08-29,1003,30.2,26.1,17.8,6.6,1.7,1.8,1.3,1.2,0.9,0.4,0.2,6.1,2,NA,4.1
Sigma Dos/El Mundo,2025-08-28,1783,34.4,27.0,15.1,7.8,1.8,1.3,1.2,1.1,0.8,0.5,0.2,4.2,1.2,NA,7.4
EM-Analytics/Electomanía,2025-08-22,1840,30.3,25.5,17.7,6.7,1.6,1.8,1.4,1.3,1.0,0.5,0.2,6.4,1.8,NA,4.8
EM-Analytics/Electomanía,2025-08-17,1275,31.4,24.6,17.2,6.9,1.8,2.0,1.3,1.3,0.9,0.5,0.2,5.9,2,NA,6.8
EM-Analytics/Electomanía,2025-08-09,1007,31.4,25.0,17.5,6.3,1.8,2.0,1.3,1.2,0.9,0.5,0.2,5.7,1.9,NA,6.4
EM-Analytics/Electomanía,2025-08-01,1579,31.6,25.1,17.0,6.3,1.8,1.9,1.3,1.2,0.9,0.5,0.2,6.2,2.1,NA,6.5
Sigma Dos/El Mundo,2025-07-30,2267,34.9,26.7,14.8,7.9,1.8,1.3,1.2,1.0,0.8,0.4,0.2,4.4,1.5,NA,8.2
EM-Analytics/Electomanía,2025-07-25,2022,32.5,25.9,17.3,5.6,1.7,1.7,1.1,1.2,1.0,0.4,0.3,5.7,1.7,NA,6.6
SocioMétrica/El Español,2025-07-24,1100,35.5,25.0,16.0,6.3,1.6,1.7,1.4,1.3,1.1,0.4,0.2,3.8,1.7,0.8,10.5
Hamalgama Métrica/Vozpópuli,2025-07-18,1000,35.0,25.4,15.4,5.6,1.7,1.6,1.3,1.2,0.7,0.5,0.2,5.3,2.2,NA,9.6
EM-Analytics/Electomanía,2025-07-18,1502,33.2,25.5,17.3,5.2,1.6,1.7,1.3,1.2,1.0,0.4,0.2,5.6,2.3,NA,7.7
KeyData/Público,2025-07-17,NA,35.1,26.3,14.7,6.6,1.8,1.5,1.3,1.1,0.7,1,1,4.6,1.4,NA,8.8
DYM/Henneo,2025-07-14,1000,36.1,26.1,14.6,6.6,NA,NA,NA,NA,NA,NA,NA,3.7,1,NA,10
Celeste-Tel/Onda Cero,2025-07-14,1100,35.5,25.6,14.3,6.9,1.8,1.6,1.4,1.2,0.8,0.5,0.2,5.4,1.9,NA,9.9
EM-Analytics/Electomanía,2025-07-11,1327,34.3,24.8,16.4,5.2,1.7,1.6,1.3,1.2,1.0,0.4,0.2,6.0,2.7,NA,9.5
Target Point/El Debate,2025-07-10,1002,34.6,26.0,15.6,7.0,NA,NA,NA,NA,NA,NA,NA,4.2,1.9,NA,8.6
CIS (Opina 360),2025-07-07,4018,30.6,24.5,18.9,7.4,NA,NA,NA,NA,NA,NA,NA,4.5,1.4,NA,6.1
CIS (Logoslab),2025-07-07,4018,30.5,24.6,18.5,7.4,NA,NA,NA,NA,NA,NA,NA,4.5,1.7,NA,5.9
CIS,2025-07-07,4018,26.5,27,18.9,7.8,2.1,1,0.9,0.8,0.7,0.3,0.1,4.4,1.7,NA,0.5
InvyMark/laSexta,2025-07-04,NA,36.2,29.2,14.2,5.2,NA,NA,NA,NA,NA,NA,NA,4.1,1.9,NA,7
EM-Analytics/Electomanía,2025-07-04,1111,35.4,23.8,16.0,5.0,1.9,1.7,1.3,1.2,0.9,0.4,0.3,5.9,2.4,NA,11.6
40dB/Prisa,2025-06-30,2000,33.3,27,15.2,6.2,NA,NA,NA,NA,NA,NA,NA,3.8,2.5,NA,6.3
Sigma Dos/El Mundo,2025-06-27,1909,34.7,26.8,13.9,7.5,1.8,1.3,1.2,1.1,0.8,0.4,0.2,4.5,1.3,NA,7.9
EM-Analytics/Electomanía,2025-06-27,1418,35.3,24.0,15.6,4.5,2.0,1.7,1.4,1.3,0.7,0.5,0.2,6.1,2.6,NA,11.3
NC Report/La Razón,2025-06-21,1000,35.7,25.5,14.8,4.5,1.5,1.7,1.4,1.1,0.7,0.5,0.2,5.8,NA,NA,10.2
SocioMétrica/El Español,2025-06-21,1150,35.1,26.7,14.0,6.2,1.7,1.8,1.5,1.2,0.9,0.5,0.2,3.9,1.8,0.8,8.4
Target Point/El Debate,2025-06-20,1000,34.0,26.3,15.8,7.4,NA,NA,NA,NA,NA,NA,NA,2.9,2.3,NA,7.7
InvyMark/laSexta,2025-06-20,NA,36.6,29.3,14.1,4.5,NA,NA,NA,NA,NA,NA,NA,3.9,2,NA,7.3
EM-Analytics/Electomanía,2025-06-20,3219,35.0,24.3,15.5,5.1,1.8,1.8,1.3,1.2,0.8,0.4,0.3,6.2,3.0,NA,10.7
DYM/Henneo,2025-06-17,1042,36.0,26.1,13.6,7.6,NA,NA,NA,NA,NA,NA,NA,3.5,0.6,NA,9.9
EM-Analytics/Electomanía,2025-06-13,1852,34.6,26.1,15.2,4.7,1.7,1.9,1.3,1.2,0.6,0.5,0.2,5.5,2.4,NA,8.5
InvyMark/laSexta,2025-06-13,NA,35.7,30.2,13.8,4.7,NA,NA,NA,NA,NA,NA,NA,3.7,2.3,NA,5.5
GESOP/Prensa Ibérica,2025-06-12,1002,30.5,27.0,16.0,7.5,1.7,1.2,NA,NA,NA,NA,NA,3.8,2,NA,3.5
CIS (Opina 360),2025-06-07,4013,32.3,29.6,14.6,6.3,NA,NA,NA,NA,NA,NA,NA,4.4,1.4,NA,2.7
CIS (Logoslab),2025-06-07,4013,32.3,29.5,14.1,6.5,NA,NA,NA,NA,NA,NA,NA,4.4,1.4,NA,2.8
CIS,2025-06-07,4013,27.3,34.3,13.2,7,1.4,1.1,1.2,0.6,0.6,0.4,0.1,4.2,1.5,NA,7
EM-Analytics/Electomanía,2025-06-06,1233,34.0,28.2,13.9,6.0,1.8,2.0,1.3,1.2,0.7,0.4,0.2,5.3,1.7,NA,5.8
EM-Analytics/Electomanía,2025-05-30,1804,34.4,28.1,13.8,5.8,1.8,2.0,1.3,1.2,0.7,0.4,0.2,5.6,1.8,NA,6.3
GAD3/ABC,2025-05-29,1023,33.8,27.6,14.9,7.5,1.5,1.4,1.4,1.1,0.7,0.4,0.2,4.7,NA,NA,6.2
Sigma Dos/El Mundo,2025-05-28,7236,34.1,28.4,13.5,7.5,1.9,1.3,1.3,1.1,0.7,0.4,0.2,5.1,2.1,NA,5.7
40dB/Prisa,2025-05-26,2000,32.8,29.8,13.9,5.4,NA,NA,NA,NA,NA,NA,NA,3.8,1.6,NA,3
Target Point/El Debate,2025-05-23,1002,33.1,28.8,13.9,6.7,NA,NA,NA,NA,NA,NA,NA,4.4,1.9,NA,4.3
Hamalgama Métrica/Vozpópuli,2025-05-23,1000,34.5,27.6,14.5,5.4,1.6,1.9,1.3,1.2,0.7,0.5,0.2,5.1,NA,NA,6.9
EM-Analytics/Electomanía,2025-05-23,1002,33.2,28.3,14.3,5.8,1.6,2.0,1.3,1.3,0.7,0.5,0.2,5.6,2,NA,4.9
KeyData/Público,2025-05-22,NA,34.1,28.4,13.7,5.8,1.7,1.7,1.3,1.1,0.7,1,1,4.7,2.1,NA,5.7
SocioMétrica/El Español,2025-05-22,1812,34.9,29.0,13.5,5.4,1.6,1.9,1.4,1.1,0.9,0.5,0.2,4.1,2,NA,5.9
Ipsos/La Vanguardia,2025-05-21,2000,34.4,30.4,14.1,5.8,1.7,1.5,1.3,1.2,0.8,0.4,0.1,2.7,1.7,NA,4
DYM/Henneo,2025-05-19,1057,35.9,28.7,12.3,6.2,NA,NA,NA,NA,NA,NA,NA,5.1,0.7,NA,7.2
EM-Analytics/Electomanía,2025-05-16,1178,33.7,28.6,14.0,5.4,1.5,2.0,1.3,1.2,0.7,0.5,0.2,5.4,2.1,NA,5.1
EM-Analytics/Electomanía,2025-05-09,1204,33.7,29.5,13.8,5.6,1.6,2.0,1.4,1.3,0.7,0.5,0.2,5.5,2,NA,4.2
CIS (Opina 360),2025-05-08,4018,32.1,29.4,14.6,6.3,NA,NA,NA,NA,NA,NA,NA,4.6,1.5,NA,2.7
CIS (Logoslab),2025-05-08,4018,32.0,29.4,14.2,6.5,NA,NA,NA,NA,NA,NA,NA,4.6,1.5,NA,2.6
CIS,2025-05-08,4018,29.3,32,13.7,6.1,1.6,1.1,0.8,1.1,1,0.3,0.1,4.3,1.5,NA,2.7
Celeste-Tel/Onda Cero,2025-05-06,1100,34.5,28.4,13.5,5.7,1.7,1.9,1.3,1.2,0.8,0.5,0.2,5.5,1.9,NA,6.1
EM-Analytics/Electomanía,2025-05-02,1159,33.2,29.8,13.6,5.4,1.6,2.0,1.4,1.3,0.7,0.5,0.2,5.4,1.9,NA,3.4
40dB/Prisa,2025-04-27,2000,33.9,29.3,13.4,5.4,NA,NA,NA,NA,NA,NA,NA,3.1,2.1,NA,4.6
Target Point/El Debate,2025-04-25,1016,33.5,28.1,14.3,6.5,NA,NA,NA,NA,NA,NA,NA,5.3,1.8,NA,5.4
SocioMétrica/El Español,2025-04-25,1000,34.8,29.5,13.5,5.5,1.7,1.9,1.4,1.0,0.9,0.4,0.2,4.0,2.2,NA,5.3
EM-Analytics/Electomanía,2025-04-25,1206,33.7,29.4,13.9,5.3,1.6,1.9,1.3,1.3,0.7,0.4,0.2,5.5,2,NA,4.3
EM-Analytics/Electomanía,2025-04-18,1142,33.5,29.8,14.0,5.8,1.6,1.9,1.3,1.3,0.7,0.4,0.2,5.5,2,NA,3.7
NC Report/La Razón,2025-04-17,1000,34.3,28.6,14.1,5.4,1.6,1.8,1.4,1.2,0.7,0.5,0.2,4.4,NA,NA,5.7
Hamalgama Métrica/Vozpópuli,2025-04-15,1000,34.2,27.8,14.6,5.6,1.7,1.9,1.3,1.2,0.7,0.5,0.2,4.9,NA,NA,6.4
Sigma Dos/El Mundo,2025-04-15,1819,33.9,27.9,12.6,6.9,1.7,1.5,1.1,1.0,0.9,0.3,0.2,4.8,2.4,NA,6
EM-Analytics/Electomanía,2025-04-10,2401,33.8,29.5,13.7,5.9,1.6,1.9,1.3,1.3,0.7,0.4,0.2,5.2,2.1,NA,4.3
CIS (Opina 360),2025-04-08,4009,29.5,30.3,15.2,6.9,NA,NA,NA,NA,NA,NA,NA,4.5,1.7,NA,0.8
CIS (Logoslab),2025-04-08,4009,29.5,30.5,15.0,6.8,NA,NA,NA,NA,NA,NA,NA,4.5,1.9,NA,1
CIS,2025-04-08,4009,26.1,32.6,15.2,6.2,1.7,1.1,1,0.7,0.8,0.6,0.1,4,1.9,NA,6.5
EM-Analytics/Electomanía,2025-04-04,1817,34.0,29.9,13.5,6.0,1.7,1.8,1.3,1.3,0.7,0.4,0.2,5.0,2.1,NA,4.1
40dB/Prisa,2025-03-31,2000,32.6,29.5,14.1,5.1,NA,NA,NA,NA,NA,NA,NA,3.3,2.7,NA,3.1
Data10/Okdiario,2025-03-28,1500,35.3,28.6,13.9,5.5,7,1.6,1.4,NA,NA,NA,NA,4,NA,NA,6.7
EM-Analytics/Electomanía,2025-03-28,2202,33.3,29.0,13.9,6.2,1.8,2.0,1.4,1.3,0.8,0.5,0.2,4.7,2,NA,4.3
EM-Analytics/Electomanía,2025-03-22,1501,33.5,28.5,14.0,6.6,1.8,1.9,1.3,1.3,0.7,0.4,0.2,4.7,2.1,NA,5
SocioMétrica/El Español,2025-03-21,1903,34.0,28.3,13.9,6.5,1.7,2.1,1.3,1.2,1.0,0.3,0.2,4.2,2.2,NA,5.7
Target Point/El Debate,2025-03-21,1000,33.1,30.2,14.1,5.5,NA,NA,NA,NA,NA,NA,NA,4.3,2.0,NA,3.2
Celeste-Tel/Onda Cero,2025-03-21,1100,34.4,28.0,14.0,6.3,1.7,1.9,1.3,1.2,0.8,0.5,0.2,5.3,1.9,NA,6.4
KeyData/Público,2025-03-20,NA,33.6,28.2,14.0,6.4,1.7,1.8,1.4,1.1,0.7,1,1,4.5,2.1,NA,5.4
DYM/Henneo,2025-03-16,1001,35.4,29.1,12.0,6.3,NA,NA,NA,NA,NA,NA,NA,4.5,1.6,NA,6.3
EM-Analytics/Electomanía,2025-03-14,1732,33.2,29.1,14.4,6.2,1.8,2.0,1.3,1.3,0.8,0.5,0.2,4.5,2,NA,4.1
NC Report/La Razón,2025-03-07,1500,34.1,28.5,14.5,5.8,1.6,1.8,1.4,1.2,0.8,0.5,0.2,4.7,NA,NA,5.6
EM-Analytics/Electomanía,2025-03-07,1139,33.0,28.5,14.8,6.6,1.8,2.0,1.3,1.3,0.8,0.5,0.2,4.8,2.2,NA,4.5
CIS (Opina 360),2025-03-07,4018,32.6,31.1,12.5,7.4,NA,NA,NA,NA,NA,NA,NA,3.8,2.2,NA,1.5
CIS,2025-03-07,4018,29.2,34.5,11.7,7.6,1.7,1.4,1.1,0.9,0.8,0.1,0.1,3.8,1.9,NA,5.3
Sigma Dos/El Mundo,2025-03-07,2832,33.8,27.8,12.9,6.4,1.6,1.8,0.8,0.9,0.9,0.3,0.2,5.2,2.9,NA,6
GESOP/Prensa Ibérica,2025-03-06,1000,32.1,27.0,14.6,7.5,1.8,1.4,NA,NA,NA,NA,NA,3.3,2.5,NA,5.1
Hamalgama Métrica/Vozpópuli,2025-02-28,1000,34.3,27.5,14.7,6.1,1.7,1.8,1.3,1.0,0.7,0.5,0.2,5.0,1.8,NA,6.8
EM-Analytics/Electomanía,2025-02-28,1201,32.5,28.8,15.5,6.5,1.7,1.9,1.3,1.3,0.7,0.4,0.2,4.9,2.1,NA,3.7
40dB/Prisa,2025-02-24,2000,32.2,29.6,14.1,5.9,NA,NA,NA,NA,NA,NA,NA,3.6,1.9,NA,2.6
Target Point/El Debate,2025-02-21,1007,33.1,29.9,14.2,6.4,NA,NA,NA,NA,NA,NA,NA,4.2,2.3,NA,3.2
EM-Analytics/Electomanía,2025-02-21,1973,33.3,28.2,15.2,6.2,1.7,1.9,1.3,1.3,0.7,0.4,0.2,5.2,2.4,NA,5.1
KeyData/Público,2025-02-20,NA,33.9,28.0,14.2,6.1,1.6,1.8,1.4,1.3,0.7,1,1,4.7,1.9,NA,5.9
Celeste-Tel/Onda Cero,2025-02-17,1100,34.3,27.9,14.2,6.5,1.7,1.9,1.2,1.1,0.8,0.5,0.2,5.4,2,NA,6.4
SocioMétrica/El Español,2025-02-14,1812,33.8,27.8,14.3,6.6,1.8,2.1,1.4,1.1,1.0,0.4,0.1,4.4,2.1,NA,6
EM-Analytics/Electomanía,2025-02-13,2039,32.7,28.4,15.4,6.4,1.7,1.9,1.3,1.3,0.7,0.4,0.2,5.5,2.6,NA,4.3
NC Report/La Razón,2025-02-07,1000,34.8,27.9,14.3,5.6,1.6,1.8,1.5,1.1,0.8,0.5,0.2,4.7,NA,NA,6.9
EM-Analytics/Electomanía,2025-02-07,1179,32.5,29.1,15.0,6.0,1.7,2.0,1.3,1.3,0.8,0.5,0.2,5.2,2.9,NA,3.4
KeyData/Público,2025-02-06,NA,34.0,28.0,14.1,6.2,1.7,1.7,1.4,1.3,0.7,1,1,4.6,2.1,NA,6
CIS (Opina 360),2025-02-06,4042,30.8,30,15,6.6,NA,NA,NA,NA,NA,NA,NA,4.3,1.6,NA,0.8
CIS (Logoslab),2025-02-06,4042,31.0,30.8,14.5,6.4,NA,NA,NA,NA,NA,NA,NA,4.3,1.7,NA,0.2
CIS (SocioMétrica),2025-02-06,4042,33.5,29.1,14.2,6.2,1.6,1.5,1.0,0.8,1.5,0.4,0.1,4.6,1.8,NA,4.4
CIS,2025-02-06,4042,28.1,33.4,13.3,6.4,1.6,1.3,1.3,1,0.8,0.3,0.1,4.4,1.6,NA,5.3
Hamalgama Métrica/Vozpópuli,2025-01-31,1000,34.5,27.8,14.3,5.9,1.7,1.8,1.3,1.1,0.7,0.5,0.2,4.9,1.7,NA,6.7
EM-Analytics/Electomanía,2025-01-31,1084,32.0,28.9,15.6,5.8,1.6,1.9,1.4,1.3,0.8,0.5,0.2,5.1,2.7,NA,3.1
Sigma Dos/El Mundo,2025-01-31,2303,33.7,27.6,13.1,6.4,1.7,1.7,0.9,1.0,1.0,0.4,0.2,4.7,3.2,NA,6.1
40dB/Prisa,2025-01-27,2000,32.6,28.4,14.2,5.9,NA,NA,NA,NA,NA,NA,NA,3.4,2.5,NA,4.2
Target Point/El Debate,2025-01-24,1001,33.2,28.9,15.5,5.9,NA,NA,NA,NA,NA,NA,NA,5.2,1.7,NA,4.3
EM-Analytics/Electomanía,2025-01-24,1133,32.3,29.2,15.3,6.0,1.6,1.7,1.4,1.2,0.8,0.4,0.2,5.3,2.6,NA,3.1
GAD3/ABC,2025-01-23,1035,34.9,27.3,14.2,6.9,1.9,1.7,1.4,1.1,0.6,0.4,NA,4.0,2.1,NA,7.6
DYM/Henneo,2025-01-20,1014,34.8,28.8,12.9,6.4,NA,NA,NA,NA,NA,NA,NA,5.0,1,NA,6
EM-Analytics/Electomanía,2025-01-17,1133,32.6,28.8,15.0,5.8,1.7,2.0,1.4,1.2,0.8,0.4,0.2,4.9,2.8,NA,3.8
Celeste-Tel/Onda Cero,2025-01-11,1100,34.1,28.1,14.3,6.2,1.7,1.9,1.3,1.1,0.8,0.5,0.2,5.1,2.1,NA,6
EM-Analytics/Electomanía,2025-01-10,4001,32.4,28.7,15.2,5.6,1.7,2.0,1.4,1.2,0.8,0.5,0.2,4.8,2.7,NA,3.7
CIS (Opina 360),2025-01-09,4024,32.9,29.7,13.2,6.2,NA,NA,NA,NA,NA,NA,NA,3.9,2.2,NA,3.2
CIS (Logoslab),2025-01-09,4024,33.0,29.5,13.0,6.4,NA,NA,NA,NA,NA,NA,NA,4.0,2.5,NA,3.5
CIS (SocioMétrica),2025-01-09,4024,33.5,29.5,14.3,5.6,1.3,1.4,1.4,1.0,1.3,NA,NA,3.8,2.9,NA,4
CIS,2025-01-09,4024,29.7,31.8,12.4,6.5,1.9,1.4,1.2,1,1.4,0.1,0.1,3.9,2.4,NA,2.1
Hamalgama Métrica/Vozpópuli,2025-01-03,1000,34.5,28.3,14.0,5.6,1.7,1.9,1.3,1.1,0.8,0.5,0.2,4.7,1.6,NA,6.2
EM-Analytics/Electomanía,2025-01-03,1068,33.2,29.0,14.8,6.0,1.8,2.0,1.4,1.2,0.8,0.5,0.2,4.5,2.6,NA,4.2
SocioMétrica/El Español,2024-12-30,2953,33.5,28.3,14.1,7.1,1.9,1.5,1.4,1.1,0.7,0.4,0.2,4.2,2.5,NA,5.2
Target Point/El Debate,2024-12-30,1002,32.7,28.5,14.9,6.9,NA,NA,NA,NA,NA,NA,NA,5.0,2.3,NA,4.2
NC Report/La Razón,2024-12-27,1000,35.1,28.0,13.9,5.3,1.6,1.8,1.5,1.2,0.8,0.4,0.2,4.5,NA,NA,7.3
EM-Analytics/Electomanía,2024-12-27,1037,33.5,28.8,14.6,5.8,1.8,2.0,1.4,1.2,0.8,0.5,0.2,4.4,2.7,NA,4.7
40dB/Prisa,2024-12-26,2000,33,29.5,13.8,5.1,NA,NA,NA,NA,NA,NA,NA,4,2.4,NA,3.5
Sigma Dos/El Mundo,2024-12-26,2485,34.4,27.1,12.4,6.4,1.9,1.8,1.1,1.0,1.0,0.4,0.3,4.7,3.3,NA,7.3
KeyData/Público,2024-12-22,NA,33.8,28.2,13.6,6.3,1.7,1.7,1.4,1.2,0.7,1,1,4.1,2.4,NA,5.6
EM-Analytics/Electomanía,2024-12-21,2447,33.7,28.4,14.9,5.5,1.9,1.9,1.4,1.2,0.8,0.4,0.2,4.5,2.9,NA,5.3
EM-Analytics/Electomanía,2024-12-13,4081,33.5,28.7,14.6,5.3,1.8,1.9,1.4,1.2,0.7,0.4,0.2,4.7,2.7,NA,4.8
Hamalgama Métrica/Vozpópuli,2024-12-12,1000,34.9,28.1,13.2,5.8,1.7,1.9,1.4,1.2,0.8,0.5,0.2,4.2,1.8,NA,6.8
Sondaxe/La Voz de Galicia,2024-12-11,1111,32.6,28.2,14.3,7.9,1.6,1.4,1.5,1.1,1.1,0.6,0.3,4.0,NA,NA,4.4
CIS,2024-12-09,4621,28.4,32.2,12.2,7,1.7,1.2,1.1,1.2,0.9,0.3,0.1,4.1,2.8,NA,3.8
EM-Analytics/Electomanía,2024-12-06,2102,33.0,28.4,14.0,5.7,1.8,1.8,1.4,1.2,0.8,0.4,0.2,4.7,2.6,NA,4.6
GESOP/Prensa Ibérica,2024-12-04,1001,31.1,28.3,14.9,8.0,1.8,1.6,NA,NA,NA,NA,NA,3.5,2.3,NA,2.8
Sigma Dos/El Mundo,2024-12-04,2017,34.8,27.4,11.9,6.2,1.9,1.7,1.3,1.1,0.9,0.5,0.3,5.0,3.1,NA,7.4
NC Report/La Razón,2024-11-29,1000,35.5,28.4,13.5,5.4,1.7,2.0,1.5,1.3,0.8,0.5,0.2,4.2,NA,NA,7.3
EM-Analytics/Electomanía,2024-11-29,1447,32.8,28.1,14.2,5.6,1.7,1.9,1.4,1.3,0.8,0.4,0.2,4.6,2.9,NA,4.7
40dB/Prisa,2024-11-27,2000,33.3,29.9,13.1,5,NA,NA,NA,NA,NA,NA,NA,2.8,3.1,NA,3.4
EM-Analytics/Electomanía,2024-11-26,804,33.0,28.5,13.8,5.5,1.7,1.9,1.4,1.3,0.7,0.4,0.2,4.7,3.5,NA,4.5
SocioMétrica/El Español,2024-11-24,1227,34.8,26.7,13.5,6.9,1.8,1.8,1.3,1.1,0.9,0.7,0.3,3.6,2.7,NA,8.1
KeyData/Público,2024-11-23,NA,33.2,28.3,13.1,6.9,1.7,1.8,1.4,1.2,0.7,1,1,4.8,2.4,NA,4.9
Target Point/El Debate,2024-11-22,1303,32.2,28.3,14.6,5.7,NA,NA,NA,NA,NA,NA,NA,4.7,2.9,NA,3.9
Ipsos/La Vanguardia,2024-11-22,1178,33.8,28.4,14.5,5.9,2.0,1.6,1.4,1.3,0.7,0.4,0.2,3.4,1.9,NA,5.4
EM-Analytics/Electomanía,2024-11-22,1352,32.5,29.0,13.4,5.3,1.7,1.9,1.4,1.3,0.7,0.4,0.2,4.8,3.5,NA,3.5
EM-Analytics/Electomanía,2024-11-15,1206,33.0,29.2,13.0,5.0,1.8,2.0,1.4,1.2,0.7,0.3,0.2,5.0,3.3,NA,3.8
Celeste-Tel/Onda Cero,2024-11-15,1100,34.9,28.7,12.4,5.8,1.6,2.0,1.5,1.3,0.8,0.5,0.2,5.1,1.9,NA,6.2
GAD3/Mediaset,2024-11-14,1036,32.5,27.7,15.6,6.0,NA,NA,NA,NA,NA,NA,NA,4.0,2.3,NA,4.8
DYM/Henneo,2024-11-11,1015,33.1,28.2,12.6,7.5,NA,NA,NA,NA,NA,NA,NA,4.9,1.6,NA,4.9
Hamalgama Métrica/Vozpópuli,2024-11-08,1000,35.3,28.5,12.5,5.8,1.7,1.9,1.4,1.3,0.8,0.5,0.2,4.2,1.7,NA,6.8
EM-Analytics/Electomanía,2024-11-08,2104,33.2,28.5,13.2,5.0,1.7,1.9,1.4,1.2,0.8,0.5,0.2,4.6,3.5,NA,4.7
CIS (Logoslab),2024-11-07,4010,31.8,29.6,14.0,7.0,NA,NA,NA,NA,NA,NA,NA,3.6,2.1,NA,2.2
CIS,2024-11-07,4010,29.3,34.2,11.8,7,1.5,1.7,1,0.8,0.8,0.3,0.1,3.4,2,NA,4.9
Sigma Dos/El Mundo,2024-10-31,1817,35.9,28.2,10.5,5.5,1.8,2.0,1.4,1.3,0.8,0.6,0.2,4.9,3.3,NA,7.7
EM-Analytics/Electomanía,2024-10-25,1091,35.4,29.0,11.4,5.3,1.9,2.0,1.4,1.4,0.8,0.5,0.2,4.2,2.5,NA,6.4
KeyData/Público,2024-10-24,NA,35.0,29.2,10.8,7.1,1.7,1.9,1.4,1.2,0.7,1,1,3.2,3.2,NA,5.8
GAD3/ABC,2024-10-24,1018,34.1,28.2,12.9,8.4,1.7,1.6,1.4,1.3,1.0,0.5,0.1,3.3,1.9,NA,5.9
DYM/Henneo,2024-10-18,1000,36.9,28.8,11.2,7.5,NA,NA,NA,NA,NA,NA,NA,2.5,2.0,NA,8.1
Target Point/El Debate,2024-10-18,1020,35.2,29.2,10.6,8.5,NA,NA,NA,NA,NA,NA,NA,3.1,3.1,NA,6
SocioMétrica/El Español,2024-10-18,2240,35.2,28.3,11.2,6.6,1.6,1.9,1.4,1.2,0.8,0.6,0.2,3.4,3.4,NA,6.9
EM-Analytics/Electomanía,2024-10-18,1804,35.5,28.7,11.6,6.7,1.9,2.0,1.4,1.4,0.8,0.5,0.2,3.9,2.3,NA,6.8
Hamalgama Métrica/Vozpópuli,2024-10-11,1000,35.2,28.9,11.4,6.8,1.7,1.9,1.5,1.3,0.8,0.5,0.2,3.1,3.0,NA,6.3
EM-Analytics/Electomanía,2024-10-11,1058,35.2,29.2,11.8,6.6,1.9,2.0,1.4,1.4,0.8,0.5,0.2,4.0,2.4,NA,6
CIS (Logoslab),2024-10-11,4005,32.0,30.4,13.5,7.5,NA,NA,NA,NA,NA,NA,NA,3.6,2.4,NA,1.6
CIS,2024-10-11,4005,31.5,34,11.8,6.3,1.6,1.2,0.9,1,0.8,0.3,0.1,3.3,1.7,NA,2.5
Celeste-Tel/Onda Cero,2024-10-09,1100,35.7,29.3,10.7,6.9,1.7,1.9,1.5,1.3,0.8,0.5,0.2,3.7,2.6,NA,6.4
EM-Analytics/Electomanía,2024-10-04,1035,34.7,29.9,11.6,6.4,1.9,2.0,1.4,1.4,0.8,0.5,0.2,3.8,2.4,NA,4.8
40dB/Prisa,2024-09-27,2000,34.6,29.7,10.5,6.1,NA,NA,NA,NA,NA,NA,NA,2.7,4.9,NA,4.9
Sigma Dos/El Mundo,2024-09-27,1909,35.5,28.7,9.52,6.9,1.8,1.9,1.3,1.3,0.8,0.6,0.2,3.4,3.3,NA,6.8
EM-Analytics/Electomanía,2024-09-27,2080,34.2,30.6,11.0,6.2,1.8,1.9,1.4,1.3,0.7,0.4,0.2,3.7,3.3,NA,3.6
GESOP/Prensa Ibérica,2024-09-26,1004,33.3,27.0,13.0,10.,1.5,1.7,NA,NA,NA,NA,NA,3.1,2.2,NA,6.3
KeyData/Público,2024-09-21,NA,34.4,29.6,10.7,6.4,1.7,1.9,1.4,1.1,0.7,1,1,3.6,3.9,NA,4.8
InvyMark/laSexta,2024-09-20,NA,37.1,30.1,10.9,6,NA,NA,NA,NA,NA,NA,NA,NA,NA,NA,7
EM-Analytics/Electomanía,2024-09-20,1404,33.8,31.2,10.3,6.2,1.8,1.9,1.3,1.2,0.7,0.4,0.2,3.6,4.6,NA,2.6
Target Point/El Debate,2024-09-19,1001,34.6,30.3,10.0,6.8,NA,NA,NA,NA,NA,NA,NA,4.4,4.0,NA,4.3
EM-Analytics/Electomanía,2024-09-13,1327,34.0,30.9,10.1,6.3,1.8,1.9,1.3,1.2,0.7,0.4,0.2,3.5,4.7,NA,3.1
Simple Lógica/elDiario.es,2024-09-13,1032,33.5,30.6,10.5,7.4,NA,NA,NA,NA,NA,NA,NA,3.4,3.8,NA,2.9
Hamalgama Métrica/Vozpópuli,2024-09-06,1000,34.9,29.2,11.3,6.2,1.6,2.0,1.5,1.3,0.8,0.4,0.2,3.7,3.9,NA,5.7
CIS (Logoslab),2024-09-06,4027,32.3,30.4,13.3,7.5,NA,NA,NA,NA,NA,NA,NA,3.6,2.5,NA,1.9
CIS,2024-09-06,4027,28.5,33,13.1,7.8,1.4,1.3,1.1,0.9,0.8,0.3,0.1,3.6,2.9,NA,4.5
Celeste-Tel/Onda Cero,2024-09-06,1100,35.5,29.6,10.4,7.0,1.7,1.8,1.5,1.4,0.8,0.5,0.2,3.2,3.3,NA,5.9
EM-Analytics/Electomanía,2024-09-06,1104,33.8,31.1,10.4,6.1,1.7,1.8,1.4,1.3,0.7,0.4,0.2,3.7,4.6,NA,2.7
SocioMétrica/El Español,2024-08-31,2310,34.0,29.1,11.1,6.1,1.5,2.0,1.4,1.3,0.7,0.5,0.2,4.6,4.5,NA,4.9
EM-Analytics/Electomanía,2024-08-30,1973,33.5,31.3,10.2,6.0,1.6,1.8,1.4,1.3,0.7,0.4,0.2,3.8,4.5,NA,2.2
Sigma Dos/El Mundo,2024-08-29,2383,35.4,28.8,9.62,6.8,1.8,2.0,1.4,1.3,0.8,0.5,0.2,3.3,3.4,NA,6.6
NC Report/La Razón,2024-08-23,1000,35.4,28.7,9.62,6.0,1.5,1.8,1.6,1.3,1.0,0.4,0.2,3.5,3.8,NA,6.7
40dB/Prisa,2024-08-23,2000,34,30.5,10.6,6.1,NA,NA,NA,NA,NA,NA,NA,2.7,4.7,NA,3.5
EM-Analytics/Electomanía,2024-08-23,2074,33.9,31.0,10.3,6.1,1.6,1.8,1.4,1.3,0.7,0.4,0.2,4.0,4.5,NA,2.9
EM-Analytics/Electomanía,2024-08-16,1881,34.1,30.6,10.2,6.0,1.7,1.7,1.4,1.3,0.8,0.4,0.2,4.1,4.7,NA,3.5
Simple Lógica/elDiario.es,2024-08-09,1055,33.5,30.5,10.5,7.7,NA,NA,NA,NA,NA,NA,NA,2.9,3.7,NA,3
EM-Analytics/Electomanía,2024-08-09,1273,34.0,30.9,10.4,5.8,1.6,1.9,1.4,1.3,0.7,0.4,0.2,4.1,4.5,NA,3.1
Sigma Dos/El Mundo,2024-08-08,2102,35.3,28.9,9.92,6.3,2.0,1.9,1.4,1.2,0.7,0.5,0.2,3.4,3.1,NA,6.4
EM-Analytics/Electomanía,2024-07-31,1304,33.4,31.1,10.6,5.9,1.8,2.0,1.4,1.3,0.7,0.4,0.2,3.8,4.1,NA,2.3
EM-Analytics/Electomanía,2024-07-26,2122,33.0,32.0,10.4,6.0,1.8,1.8,1.4,1.4,0.8,0.4,0.2,4.0,4.1,NA,1
Target Point/El Debate,2024-07-22,NA,34.0,30.8,10.8,5.8,NA,NA,NA,NA,NA,NA,NA,4.9,4.1,NA,3.2
KeyData/Público,2024-07-20,NA,34.1,30.3,10.9,6.0,1.6,1.8,1.2,1.1,0.7,1,1,3.7,3.3,NA,3.8
SocioMétrica/El Español,2024-07-20,1200,34.4,29.3,11.2,7.4,1.5,1.7,1.5,1.2,0.8,0.5,0.2,3.7,4.1,NA,5.1
EM-Analytics/Electomanía,2024-07-19,1301,32.8,32.2,10.5,6.1,1.8,1.8,1.4,1.4,0.8,0.4,0.2,4.2,3.9,NA,0.6
Sigma Dos/El Mundo,2024-07-18,2515,34.8,29.9,9.02,6.9,1.8,2.0,1.4,1.1,0.7,0.5,0.2,3.6,2.9,NA,4.9
EM-Analytics/Electomanía,2024-07-12,1431,32.6,32.0,10.9,5.7,1.8,1.8,1.5,1.4,0.7,0.3,0.2,4.1,4.0,NA,0.6
Simple Lógica/elDiario.es,2024-07-10,1026,33.5,31.6,10.5,8.6,NA,NA,NA,NA,NA,NA,NA,2.7,3.1,NA,1.9
EM-Analytics/Electomanía,2024-07-05,2104,32.0,31.4,11.1,5.6,1.8,1.8,1.5,1.3,0.8,0.4,0.2,4.0,4.2,NA,0.6
CIS (JM),2024-07-04,4007,32.2,30.9,13.8,7.0,NA,NA,NA,NA,NA,NA,NA,4.1,2.5,NA,1.3
CIS,2024-07-04,4007,30.2,32.9,12.2,6.6,1.7,1.6,1.2,1.1,0.6,0.3,0.1,4,2.7,NA,2.7
Hamalgama Métrica/Vozpópuli,2024-07-04,1000,34.6,29.9,11.3,5.9,1.6,1.9,1.4,1.3,0.8,0.4,0.2,3.8,3.7,NA,4.7
EM-Analytics/Electomanía,2024-06-28,2401,32.5,31.5,11.3,5.7,1.7,1.8,1.5,1.4,0.7,0.3,0.2,3.6,4.1,NA,1
Sigma Dos/El Mundo,2024-06-28,1974,33.8,30.0,10.9,6.6,1.7,1.9,1.4,1.1,0.7,0.5,0.2,3.4,2.7,NA,3.8
Target Point/El Debate,2024-06-27,1002,34.9,29.6,9.82,5.5,NA,NA,NA,NA,NA,NA,NA,4.4,3.8,NA,5.3
40dB/Prisa,2024-06-24,2000,33.3,31.2,10.4,5.9,NA,NA,NA,NA,NA,NA,NA,3,4.4,NA,2.1
KeyData/Público,2024-06-22,NA,34.2,29.9,11.8,8.0,1.6,1.8,1.6,1.1,0.7,1,1,3.0,3.3,NA,4.3
EM-Analytics/Electomanía,2024-06-21,1741,32.1,31.9,11.5,5.4,1.8,1.7,1.5,1.4,0.7,0.1,0.1,3.7,4.5,NA,0.2
NC Report/La Razón,2024-06-15,1000,34.4,29.8,10.3,6.3,1.8,1.9,1.7,1.2,1.1,0.4,0.2,3.5,4.3,NA,4.6
EM-Analytics/Electomanía,2024-06-14,1913,34.8,32.0,12.4,5.7,1.6,2.0,1.5,1.4,0.9,0.3,0.2,4.0,NA,NA,2.8
EM-Analytics/Electomanía,2024-06-14,1913,32.3,31.2,11.5,5.3,1.6,1.9,1.4,1.3,0.8,0.2,0.1,3.6,5.8,NA,1.1
InvyMark/laSexta,2024-06-14,NA,38.5,31.7,11.1,8.4,NA,NA,NA,NA,NA,NA,NA,NA,NA,NA,6.8
Simple Lógica/elDiario.es,2024-06-11,1032,33.8,30.1,11.5,9,NA,NA,NA,NA,NA,NA,NA,3.6,NA,NA,3.7
2024 EP election,2024-06-09,NA,34.2,30.2,9.62,4.7,2.1,2.5,1.6,1.1,1.0,0.4,NA,3.3,4.6,NA,4
CIS (SocioMétrica),2024-06-06,4011,32.3,29.2,13.7,8.4,2.8,1.9,1,0.9,0.9,1.1,0.1,3.5,1.2,NA,3.1
CIS (Logoslab),2024-06-06,4011,32.9,30.0,12.7,8.6,NA,NA,NA,NA,NA,NA,NA,3.8,1.4,NA,2.9
CIS,2024-06-06,4011,30.7,31.7,12.1,8.8,1.8,1.6,1.1,0.9,0.9,0.5,0.1,3.6,1.5,NA,1
GESOP/Prensa Ibérica,2024-05-31,1013,32.8,29.5,12.5,9.5,1.7,1.6,NA,NA,NA,NA,NA,2.6,NA,NA,3.3
EM-Analytics/Electomanía,2024-05-31,3109,35.2,33.6,10.6,7.0,1.6,1.9,1.4,1.3,0.7,0.3,0.2,3.2,NA,NA,1.6
40dB/Prisa,2024-05-30,2000,33.8,30.7,13.1,7.2,NA,NA,NA,NA,NA,NA,NA,3.4,NA,NA,3.1
Sondaxe/La Voz de Galicia,2024-05-29,1005,33.9,29.2,12.8,8.2,1.6,1.6,1.7,1.1,1.0,0.5,0.2,3.6,NA,NA,4.7
EM-Analytics/Electomanía,2024-05-24,1804,35.8,33.3,10.5,6.7,1.5,1.8,1.4,1.3,0.7,0.2,0.2,2.9,NA,NA,2.5
SocioMétrica/El Español,2024-05-19,519,37.1,29.6,11.5,8.2,1.4,2.0,1.8,1.0,0.9,0.3,0.1,2.7,NA,NA,7.5
KeyData/Público,2024-05-18,NA,36.6,29.1,11.2,8.7,1.6,1.8,1.6,1.0,0.6,1,1,2,NA,NA,7.5
EM-Analytics/Electomanía,2024-05-17,1312,36.0,33.2,10.0,6.5,1.5,1.9,1.4,1.3,0.7,0.3,0.2,2.8,NA,NA,2.8
40dB/Prisa,2024-05-13,2000,34.5,30.9,13.4,7.2,NA,NA,NA,NA,NA,NA,NA,2.6,NA,NA,3.6
Simple Lógica/elDiario.es,2024-05-09,1131,34.4,29.9,12.4,9.5,NA,NA,NA,NA,NA,NA,NA,1.6,NA,NA,4.5
CIS (Logoslab),2024-05-08,4013,34.7,30.5,12.3,8.6,NA,NA,NA,NA,NA,NA,NA,2.5,NA,NA,4.2
CIS,2024-05-08,4013,30.4,35.5,10.2,8,1.1,1.5,1.3,0.8,0.6,0.2,0.1,2.2,NA,NA,5.1
SocioMétrica/El Español,2024-05-04,1279,39.4,27.6,11.1,8.0,1.6,2.1,2.0,0.9,0.9,0.4,0.1,2.6,NA,NA,11.8
EM-Analytics/Electomanía,2024-05-04,1705,36.2,32.9,9.62,7.8,1.6,1.8,1.5,1.4,0.7,0.3,0.2,2.7,NA,NA,3.3
CIS,2024-04-26,1809,29.2,38.6,11,7.2,1.2,1.4,0.6,0.5,0.9,0.2,NA,2.6,NA,NA,9.4
EM-Analytics/Electomanía,2024-04-26,2304,35.9,32.6,10.1,8.1,1.7,1.9,1.4,1.4,0.7,0.3,0.2,2.6,NA,NA,3.3
EM-Analytics/Electomanía,2024-04-23,2230,36.5,31.2,9.72,8.6,2.0,2.0,1.4,1.4,0.8,0.3,0.2,2.5,NA,NA,5.3
KeyData/Público,2024-04-13,NA,37.4,29.2,10.7,9.4,1.7,1.7,1.4,1.1,0.7,1,1,2.5,NA,NA,8.2
SocioMétrica/El Español,2024-04-12,2550,39.1,27.0,11.3,8.4,1.5,2.3,2.0,1.1,0.8,0.4,0.1,2.5,NA,NA,12.1
EM-Analytics/Electomanía,2024-04-12,1483,36.7,29.9,10.3,8.9,1.9,2.0,1.5,1.4,0.9,0.3,0.2,2.9,NA,NA,6.8
Simple Lógica/elDiario.es,2024-04-09,1042,35.7,30.5,11.7,10.,NA,NA,NA,NA,NA,NA,NA,1.5,NA,NA,5.2
EM-Analytics/Electomanía,2024-04-05,1483,36.9,29.5,10.8,8.5,1.9,2.0,1.5,1.4,0.8,0.3,0.2,3.1,NA,NA,7.4
CIS (SocioMétrica),2024-04-04,4032,38.6,29.5,11.5,8.1,1.3,1.7,1.3,0.9,0.9,0.5,0.1,2.6,NA,NA,9.1
CIS,2024-04-04,4032,33.5,32.5,10.1,8.2,1.4,1.4,0.9,1,0.8,0.2,0.1,3.1,NA,NA,1
EM-Analytics/Electomanía,2024-03-29,1301,36.5,29.2,11.3,9.0,1.8,1.9,1.5,1.4,0.8,0.3,0.2,2.9,NA,NA,7.3
40dB/Prisa,2024-03-27,2000,35.5,30,11.3,8.2,NA,NA,NA,NA,NA,NA,NA,2.9,NA,NA,5.5
NC Report/La Razón,2024-03-27,1000,38.4,28.4,10.8,9.3,1.7,1.8,1.4,1.1,0.8,0.5,0.2,NA,NA,NA,10
Sigma Dos/El Mundo,2024-03-26,1413,38.2,29.8,9.41,9.8,1.9,1.6,1.0,1.1,0.7,0.5,0.2,2.5,NA,NA,8.4
InvyMark/laSexta,2024-03-22,NA,38.6,30.9,9.6,9.4,NA,NA,NA,NA,NA,NA,NA,NA,NA,NA,7.7
EM-Analytics/Electomanía,2024-03-22,1724,36.1,28.9,11.7,9.6,1.7,2.0,1.5,1.4,0.8,0.3,0.2,2.7,NA,NA,7.2
GAD3/Mediaset,2024-03-21,1017,37.3,27.6,11.7,8.7,NA,NA,NA,NA,NA,NA,NA,3.1,NA,NA,9.7
Hamalgama Métrica/Vozpópuli,2024-03-21,1000,38.7,27.8,11.2,9.6,1.6,1.8,1.6,1.4,0.8,0.4,0.2,NA,NA,NA,10.9
KeyData/Público,2024-03-16,NA,38.0,28.5,10.7,9.9,1.8,1.7,1.4,1.1,0.6,1,1,2.2,NA,NA,9.5
EM-Analytics/Electomanía,2024-03-15,1517,36.4,28.5,11.5,9.6,1.6,2.1,1.6,1.5,0.8,0.3,0.2,2.8,NA,NA,7.9
Sigma Dos/Antena 3,2024-03-15,2405,1641,1161,1920,181,78,78,56,56,NA,NA,NA,12,NA,NA,NA
SocioMétrica/El Español,2024-03-09,2900,40.0,28.2,10.5,10.,1.2,2.2,2.0,1.0,0.7,0.2,0.1,NA,NA,NA,11.8
EM-Analytics/Electomanía,2024-03-08,1327,37.2,27.9,11.6,9.5,2.0,2.0,1.5,1.4,0.8,0.3,0.2,2.4,NA,NA,9.3
Simple Lógica/elDiario.es,2024-03-08,1046,36.1,29.8,10.8,11.,NA,NA,NA,NA,NA,NA,NA,2,NA,NA,6.3
Target Point/El Debate,2024-03-07,1080,38.8,26.9,10.7,10.,NA,NA,NA,NA,NA,NA,NA,NA,NA,NA,11.9
Celeste-Tel/Onda Cero,2024-03-06,1100,38.5,28.8,10.5,10.,1.8,1.7,1.5,1.3,0.7,0.5,0.2,1.7,NA,NA,9.7
CIS (Logoslab),2024-03-05,3931,37.7,29.1,11.2,8.6,NA,NA,NA,NA,NA,NA,NA,2.3,NA,NA,8.6
CIS,2024-03-05,3931,34,31.3,9.9,9.2,1.9,1.2,1.1,0.9,0.9,0.2,0.1,2.2,NA,NA,2.7
40dB/Prisa,2024-03-03,2000,35.2,30.7,10.6,11.,NA,NA,NA,NA,NA,NA,NA,NA,NA,NA,4.5
EM-Analytics/Electomanía,2024-03-01,1327,36.8,28.7,11.3,9.6,2.0,2.0,1.6,1.5,0.8,0.3,0.2,2,NA,NA,8.1
GAD3/ABC,2024-02-29,1005,37.9,28.4,11.1,8.8,2.0,1.7,1.5,1.1,0.9,0.4,0.2,2.4,NA,NA,9.5
Sigma Dos/El Mundo,2024-02-29,1632,37.9,29.3,10.2,9.4,1.9,1.7,1.0,1.1,0.7,0.5,0.2,2.8,NA,NA,8.6
KeyData/Público,2024-02-24,NA,36.8,30.2,11.0,10.,1.7,1.6,1.4,1.1,0.6,1,1,2.4,NA,NA,6.6
EM-Analytics/Electomanía,2024-02-23,1778,36.3,29.9,10.8,9.1,2.0,2.0,1.6,1.5,0.9,0.2,0.2,2.1,NA,NA,6.4
Hamalgama Métrica/Vozpópuli,2024-02-22,1000,38.8,28.2,11.6,9.9,1.7,1.7,1.4,1.2,0.7,0.4,0.2,NA,NA,NA,10.6
GESOP/Prensa Ibérica,2024-02-21,1004,38.5,28.0,9.11,10.,1.8,1.6,NA,NA,NA,NA,NA,1.8,NA,NA,10.5
EM-Analytics/Electomanía,2024-02-16,1526,34.5,31.4,10.6,9.9,2.0,1.9,1.6,1.5,0.9,0.1,0.2,2,NA,NA,3.1
SocioMétrica/El Español,2024-02-09,2900,38.5,29.0,10.8,10.,1.0,2.0,1.8,1.1,0.7,0.2,0.1,NA,NA,NA,9.5
EM-Analytics/Electomanía,2024-02-09,1708,34.9,31.6,10.0,9.8,2.0,1.9,1.6,1.5,0.8,0.2,0.2,1.9,NA,NA,3.3
Simple Lógica/elDiario.es,2024-02-09,1018,36.6,29.7,12,11.,NA,NA,NA,NA,NA,NA,NA,2.3,NA,NA,6.9
CIS,2024-02-06,3926,33.2,33,7.9,10.,2.1,1,0.8,1,0.7,0.1,0.1,2.9,NA,NA,0.2
EM-Analytics/Electomanía,2024-02-02,1614,35.7,30.9,9.52,9.9,2.0,1.9,1.6,1.5,0.8,0.2,0.2,2.1,NA,NA,4.8
Sigma Dos/El Mundo,2024-02-01,1632,36.8,30.2,10.5,9.6,2.0,1.6,1.1,1.1,0.7,0.5,0.2,2.6,NA,NA,6.6
40dB/Prisa,2024-01-29,2000,34.4,30.5,11.8,10.,NA,NA,NA,NA,NA,NA,NA,NA,NA,NA,3.9
EM-Analytics/Electomanía,2024-01-26,2413,35.0,31.3,9.62,10.,2.0,2.0,1.7,1.6,0.8,0.2,0.2,1.9,NA,NA,3.7
InvyMark/laSexta,2024-01-19,NA,37.5,32.3,9.8,9.6,NA,NA,NA,NA,NA,NA,NA,NA,NA,NA,5.2
EM-Analytics/Electomanía,2024-01-19,1651,34.5,31.6,9.92,10.,1.9,2.0,1.7,1.6,0.9,0.1,0.2,1.9,NA,NA,2.9
KeyData/Público,2024-01-18,NA,36.8,30.1,11.0,10.,7,8,6,6,1,1,1,2,NA,NA,6.7
EM-Analytics/Electomanía,2024-01-12,1249,35.3,31.4,9.72,10.,1.9,2.0,1.7,1.6,0.8,0.1,0.2,1.5,NA,NA,3.9
Simple Lógica/elDiario.es,2024-01-09,1013,36.6,29.4,11.4,10.,NA,NA,NA,NA,NA,NA,NA,2.4,NA,NA,7.2
40dB/Prisa,2024-01-08,2000,34.7,31.4,10.9,11,NA,NA,NA,NA,NA,NA,NA,NA,NA,NA,3.3
CIS (Logoslab),2024-01-05,4016,36.0,30.6,11.0,9.3,1.6,1.4,1.2,1.1,0.6,0.3,0.1,2.5,NA,NA,5.4
CIS (Jaime Miquel),2024-01-05,4016,36.3,30.0,11.1,9.5,1.8,1.5,1.1,1.2,0.9,0.4,0.2,2.7,NA,NA,6.3
CIS (SocioMétrica),2024-01-05,4016,37.6,30.3,12,8.2,1.4,1.7,1,0.9,0.8,0.3,0,3,NA,NA,7.3
CIS,2024-01-05,4016,32.1,34,8.3,9.7,1.4,1.5,0.9,0.8,0.7,0.2,0.1,2.7,NA,NA,1.9
EM-Analytics/Electomanía,2024-01-05,1132,35.0,32.0,9.52,9.4,1.9,2.0,1.7,1.6,0.9,0.1,0.2,2.4,NA,NA,3
